Type,Diffculty Level,Question,Option 1 ,Option 2,Option 3,Option 4,Option 5,Correct,Solution
1,1,q1,eop 1,eop 2,eop 3,eop 4,eop 5,eop 5,english solution1
1,1,q2,eop 1,eop 2,eop 3,eop 4,eop 5,eop 1,english solution2
1,1,q3,eop 1,eop 2,eop 3,eop 4,eop 5,eop 2,english solution3
1,1,q4,eop 1,eop 2,eop 3,eop 4,eop 5,eop 3,english solution4
1,1,q5,eop 1,eop 2,eop 3,eop 4,eop 5,eop 4,english solution5
1,1,q6,eop 1,eop 2,eop 3,eop 4,eop 5,eop 2,english solution6
1,1,q7,eop 1,eop 2,eop 3,eop 4,eop 5,eop 1,english solution7
1,1,q8,eop 1,eop 2,eop 3,eop 4,eop 5,eop 3,english solution8
1,1,q9,eop 1,eop 2,eop 3,eop 4,eop 5,eop  1,english solution9
1,1,q10,eop 1,eop 2,eop 3,eop 4,eop 5,eop 2,english solution10
1,1,q11,eop 1,eop 2,eop 3,eop 4,eop 5,eop 3,english solution11
1,1,q12,eop 1,eop 2,eop 3,eop 4,eop 5,eop 5,english solution12
1,1,q13,eop 1,eop 2,eop 3,eop 4,eop 5,eop 2,english solution13
1,1,q14,eop 1,eop 2,eop 3,eop 4,eop 5,eop2 ,english solution14
1,1,q15,eop 1,eop 2,eop 3,eop 4,eop 5,eop 1,english solution15
